exe,min_s,median_s,max_s
vec,10.74328595539555,10.75050741713494,10.866405396722257
vec_simd,10.981463685631752,11.042130910325795,11.198539752047509
